add_loop_eager,compile_time_instruction_count,3390000000,0.1



add_loop_eager_dynamic,compile_time_instruction_count,4251000000,0.1



add_loop_inductor,compile_time_instruction_count,24480000000,0.1



add_loop_inductor_dynamic_gpu,compile_time_instruction_count,29240000000,0.1



add_loop_inductor_gpu,compile_time_instruction_count,23910000000,0.1



basic_modules_ListOfLinears_eager,compile_time_instruction_count,852400000,0.1



basic_modules_ListOfLinears_inductor,compile_time_instruction_count,12030000000,0.1



basic_modules_ListOfLinears_inductor_gpu_force_shape_pad,compile_time_instruction_count,15460000000,0.1



basic_modules_ListOfLinears_inductor_gpu,compile_time_instruction_count,9828000000,0.2



update_hint_regression,compile_time_instruction_count,1551000000,0.1



sum_floordiv_regression,compile_time_instruction_count,3063000000,0.1



symint_sum,compile_time_instruction_count,3427000000,0.1



symint_sum_loop,compile_time_instruction_count,7779000000,0.1



aotdispatcher_inference_nosubclass_cpu,compile_time_instruction_count,1673000000,0.1



aotdispatcher_inference_subclass_cpu,compile_time_instruction_count,4706000000,0.1



aotdispatcher_partitioner_cpu,compile_time_instruction_count,7585000000,0.1



aotdispatcher_partitioner_cpu2,compile_time_instruction_count,1856000000,0.1



aotdispatcher_training_nosubclass_cpu,compile_time_instruction_count,2924000000,0.1



aotdispatcher_training_subclass_cpu,compile_time_instruction_count,7697000000,0.1



mm_loop_inductor_gpu,compile_time_instruction_count,4400000000,0.1



mm_loop_inductor_dynamic_gpu,compile_time_instruction_count,6814000000,0.1



basic_NestedModule_eager,compile_time_instruction_count,5066000000,0.1



basic_InlineMod_eager,compile_time_instruction_count,7964000000,0.1



diffusion_dit_full_inductor,compile_time_instruction_count,13650000000,0.1



diffusion_dit_regional_inductor,compile_time_instruction_count,3746000000,0.1



diffusion_dit_hierarchical_inductor,compile_time_instruction_count,6809000000,0.1



diffusion_dit_hierarchical_dynamic,compile_time_instruction_count,13760000000,0.1



float_args,compile_time_instruction_count,476400000,0.1



dtensor_dispatch_detach,instruction_count,55670,0.1



dtensor_dispatch_to_from_local,instruction_count,166400,0.1



dtensor_dispatch_collectives,instruction_count,31560000,0.1



dtensor_dispatch_add_backward,instruction_count,367600,0.1



dtensor_dispatch_inplace,instruction_count,58560,0.1



dtensor_dispatch_view,instruction_count,61550,0.1



dtensor_dispatch_random,instruction_count,531600,0.1



dtensor_dispatch_custom_handler,instruction_count,36060,0.1



nn_module_guard_eval,instruction_count,71160,0.1



nn_module_guard_eval_dynamic,instruction_count,96320,0.1



autograd_function_apply_13_in_2_out_no_save,instruction_count,31627,0.1



runtime_overhead_inductor,instruction_count,169200,0.1



runtime_overhead_inductor_inference_mode,instruction_count,179300,0.1



runtime_overhead_inductor_requires_grad,instruction_count,201300,0.1



runtime_overhead_inductor_requires_grad_backward,instruction_count,107500,0.1



runtime_overhead_inductor_dynamic,instruction_count,165100,0.1



runtime_overhead_inductor_inference_mode_dynamic,instruction_count,176100,0.1



runtime_overhead_inductor_requires_grad_dynamic,instruction_count,199700,0.1



runtime_overhead_inductor_requires_grad_backward_dynamic,instruction_count,108300,0.1



runtime_overhead_eager_cpu,instruction_count,129700,0.1



unbind_split_flip_cat_iter40_batch128,instruction_count,210000000000,0.1



disable_overhead,instruction_count,4985,0.1
