dev,name,batch_size,_compile.compile_inner,compile_attempt_0,bytecode_tracing,get_fake_value,create_proxy,wrap_to_fake_tensor_and_record,variable_builder_call,insert_deferred_runtime_asserts,OutputGraph.call_user_compiler,inductor_import,inductor_codecache_torch_key,_recursive_pre_grad_passes,pass.pre_grad_passes.group_batch_fusion_passes,pass.pre_grad_passes.efficient_conv_bn_eval_pass,pass.pre_grad_passes.apply_gumbel_max_trick_pass,create_aot_dispatcher_function,aot_collect_metadata,compile_fx.<locals>.fw_compiler_base,_recursive_joint_graph_passes,pass.joint_graph_passes.remove_noop_ops,pass.joint_graph_passes.constant_fold_uniform_value,pass.joint_graph_passes.pass_pattern_0,CacheBase.get_system.triton_key,pass.joint_graph_passes.pass_pattern_1,compile_fx_inner,fx_codegen_and_compile,additional_fake_tensor_prop,_recursive_post_grad_passes,pass.post_grad_passes.reorder_for_locality,pass.post_grad_passes.remove_profiler_ops,pass.post_grad_passes.post_grad_custom_pre_pass,pass.post_grad_passes.remove_noop_ops,pass.post_grad_passes.remove_assert_ops,pass.post_grad_passes.pass_pattern_0,pass.post_grad_passes.pass_pattern_1,pass.post_grad_passes.pass_pattern_2,pass.post_grad_passes.stable_sort,pass.post_grad_passes.move_constructors_to_cuda,pass.post_grad_passes.reinplace_inplaceable_ops,pass.post_grad_passes.fix_auto_functionalized_dtype_views,pass.post_grad_passes.decompose_triton_kernel_wrapper_functional,pass.post_grad_passes.decompose_auto_functionalized,pass.post_grad_passes.decompose_scan_to_while_loop,pass.post_grad_passes.decompose_map_to_while_loop,GraphLowering.run,GraphLowering.compile_to_fn,GraphLowering.compile_to_module,GraphLowering.codegen,Scheduler.__init__,Scheduler.fused_nodes,Scheduler.codegen,PythonWrapperCodegen.generate,PyCodeCache.load_by_key_path,async_compile.precompile,async_compile.wait,build_guards,gc,cudagraphify.get_container,CachingAutotuner.benchmark_all_configs,CUDAGraphNode.record
cuda,hf_GPT2,1,7.434159,7.322897,0.939082,0.188902,0.142332,0.049492,0.186368,0.018478,6.317307,0.145427,0.142135,0.010915,0.000046,0.000979,0.000026,6.137175,0.180099,5.537052,2.355972,0.004927,0.022553,1.783220,1.540038,0.001777,3.179950,3.159673,0.126714,0.382935,0.003149,0.000135,0.000047,0.001324,0.000017,0.000009,0.073452,0.154959,0.001345,0.002292,0.017851,0.000101,0.001172,0.000048,0.000033,0.636063,1.946111,1.946060,1.158174,0.417711,0.158139,0.716626,0.068414,0.784774,0.765616,0.104126,0.000313,0.004324,0.246596,0.004243,0,0
cuda,hf_GPT2,1,7.331956,7.229381,0.910182,0.177543,0.133828,0.044985,0.171144,0.019216,6.254482,0.150004,0.148006,0.009033,0.000041,0.000981,0.000023,6.068019,0.186462,5.439717,2.285550,0.004979,0.023869,1.793867,1.549229,0.001711,3.152924,3.130878,0.124495,0.419166,0.002964,0.000128,0.000033,0.001276,0.000015,0.000009,0.084985,0.153886,0.001627,0.002367,0.022313,0.000113,0.001300,0.000046,0.000032,0.628421,1.891620,1.891574,1.118440,0.431009,0.151958,0.664313,0.051350,0.771851,0.757408,0.096867,0.000265,0.186138,0.255246,0.004170,0,0
cuda,hf_GPT2,1,7.540760,7.426390,0.913012,0.179643,0.146992,0.045995,0.172909,0.017932,6.446866,0.158832,0.154469,0.011300,0.000031,0.000887,0.000021,6.252699,0.172764,5.657373,2.280128,0.004803,0.022216,1.795586,1.541429,0.001670,3.376347,3.352370,0.120295,0.379732,0.002943,0.000135,0.000039,0.001277,0.000015,0.000008,0.073357,0.147495,0.001555,0.002312,0.020167,0.000107,0.001328,0.000045,0.000041,0.621564,2.161615,2.161550,1.810508,0.423384,0.158487,1.365576,0.051549,0.348005,0.332501,0.103619,0.002058,0.004952,0.187061,0.005886,0,0
cuda,hf_GPT2,1,7.786498,7.679835,0.897121,0.175215,0.134482,0.047736,0.173883,0.016949,6.725190,0.149154,0.147325,0.008588,0.000041,0.000904,0.000021,6.544175,0.178291,5.937255,2.228232,0.005528,0.022809,1.701745,1.449207,0.001764,3.708063,3.684952,0.124881,0.399100,0.003505,0.000146,0.000040,0.001357,0.000016,0.000009,0.082723,0.154874,0.001334,0.002243,0.019374,0.000093,0.001210,0.000046,0.000033,0.661248,2.424180,2.424135,1.993294,0.510351,0.181147,1.462277,0.051685,0.429577,0.415161,0.100428,0.000755,0.004313,0.128346,0.005854,0,0
cuda,hf_Bert,1,10.956550,10.825570,1.085945,0.217965,0.114597,0.084899,0.293837,0.019171,9.654318,0.144008,0.141916,0.007656,0.000049,0.000796,0.000033,9.467989,0.268131,8.488147,2.614824,0.007873,0.036012,2.024584,1.465798,0.003403,5.871953,5.838927,0.195117,0.772956,0.005198,0.000238,0.000051,0.001177,0.000024,0.000011,0.214586,0.258110,0.002063,0.003938,0.029921,0.000130,0.002023,0.000087,0.000036,0.983105,3.783791,3.783745,3.312619,0.524108,0.130006,2.759136,0.065504,0.469774,0.453653,0.123705,0.001720,0.005116,0.143511,0.007484,0,0
cuda,hf_Albert,1,11.227122,11.162761,0.775768,0.224385,0.088073,0.011295,0.062496,0.012127,10.342288,0.159925,0.157774,0.007104,0.000031,0.000602,0.000022,10.166680,0.256132,9.298515,0.823161,0.007688,0.033329,0.258052,0.002511,8.474374,8.446166,0.178588,0.785690,0.004660,0.000200,0.000044,0.001436,0.000016,0.000009,0.227188,0.261290,0.002246,0.002405,0.026761,0.000101,0.001964,0.000051,0.000031,2.497129,1.576655,4.896045,4.895990,3.989679,0.765549,0.381180,3.210418,0.051611,0.904081,0.888508,0.056800,0.002366,0.004898,0.311119,0.008399,0,0
cuda,hf_DistilBert,1,8.568311,8.484029,0.548003,0.116753,0.055825,0.034904,0.130485,0.009401,7.889160,0.143966,0.142172,0.006112,0.000033,0.000394,0.000021,7.720432,0.141606,7.238192,1.995307,0.003943,0.021562,1.785959,1.545374,0.001417,5.241644,4.891883,0.108647,0.390692,0.003118,0.000122,0.000049,0.000672,0.000021,0.000008,0.105001,0.123313,0.001212,0.001880,0.015185,0.000094,0.000948,0.000051,0.000040,0.492210,3.843913,3.843854,1.464529,0.269201,0.060461,1.179402,0.034301,2.376386,2.362448,0.079958,0.000446,0.004439,0.179276,0.005418,0,0
cuda,BERT_pytorch,16,10.106001,9.973891,0.774203,0.206799,0.086274,0.057507,0.224626,0.019493,9.100093,0.140704,0.138888,0.007822,0.000029,0.000998,0.000021,8.921057,0.293611,7.998508,2.372309,0.009144,0.030150,1.915158,1.543652,0.002867,5.624918,5.598526,0.169507,0.718279,0.005306,0.000188,0.000051,0.003697,0.000019,0.000008,0.190648,0.247962,0.002036,0.003098,0.028101,0.000095,0.001847,0.000054,0.000033,0.999203,3.615859,3.615804,2.832143,1.591584,0.803355,1.208958,0.071578,0.780722,0.761516,0.002462,0.122810,0.001540,0.004631,0.268855,0.005190,0
cuda,BERT_pytorch,16,12.207005,12.081209,0.817077,0.219776,0.089862,0.063068,0.239671,0.024140,11.152336,0.141149,0.139340,0.008087,0.000042,0.000984,0.000022,10.969842,0.294587,10.019520,2.378111,0.009782,0.029580,1.830828,1.451210,0.002600,7.639807,7.612125,0.165675,0.783192,0.005019,0.000231,0.000034,0.003244,0.000019,0.000009,0.193964,0.291234,0.002114,0.003561,0.031416,0.000127,0.002115,0.000068,0.000034,1.013167,5.548566,5.548515,4.769255,1.613726,0.806979,3.129198,0.062897,0.774779,0.755649,0.003435,0.119202,0.000397,0.004754,0.314120,0.009160,0
cuda,hf_GPT2,1,7.619461,7.501540,0.966465,0.187620,0.145003,0.052697,0.189878,0.018604,6.472205,0.148244,0.144872,0.009979,0.000052,0.001047,0.000024,6.289111,0.179295,5.673911,2.228208,0.005084,0.023446,1.687828,1.446930,0.001920,3.444718,3.423859,0.124531,0.397518,0.003330,0.000151,0.000037,0.001323,0.000017,0.000008,0.079259,0.145989,0.001425,0.002282,0.020097,0.000095,0.001328,0.000055,0.000032,0.682383,2.151539,2.151486,1.818838,0.475120,0.162115,1.320382,0.051479,0.331460,0.317541,0.109975,0.001022,0.004809,0.168078,0.006730,0,0
cuda,hf_Albert,1,10.770155,10.720435,0.779851,0.227504,0.084597,0.012222,0.065853,0.012316,9.899672,0.150105,0.147136,0.007737,0.000035,0.000727,0.000025,9.731925,0.257561,8.888884,0.717469,0.007026,0.032505,0.236792,0.002393,8.170300,8.146044,0.182846,0.712306,0.004568,0.000189,0.000030,0.001438,0.000016,0.000008,0.201856,0.231725,0.001760,0.002519,0.028254,0.000088,0.001662,0.000048,0.000033,2.419049,1.546917,4.744057,4.744011,3.985945,0.821148,0.425066,3.151092,0.052797,0.756842,0.741977,0.045513,0.000285,0.004121,0.282945,0.007671,0,0
cuda,hf_DistilBert,1,7.500450,7.419175,0.607984,0.127533,0.070167,0.041401,0.147831,0.009540,6.764259,0.150967,0.149006,0.006451,0.000036,0.000436,0.000022,6.586104,0.144358,6.083545,1.894323,0.003871,0.022931,1.689665,1.453849,0.001335,4.188416,3.806004,0.103585,0.358088,0.002434,0.000131,0.000045,0.000607,0.000018,0.000008,0.090794,0.117309,0.000960,0.001738,0.013121,0.000147,0.000994,0.000051,0.000033,0.475783,2.815468,2.815417,1.489581,0.272909,0.065642,1.201259,0.032522,1.324746,1.311246,0.076941,0.000427,0.004539,0.185280,0.004999,0,0
cuda,BERT_pytorch,16,12.061776,11.926202,0.822769,0.224413,0.089434,0.062666,0.237348,0.019004,10.997935,0.146749,0.143751,0.008077,0.000043,0.001054,0.000023,10.811715,0.304732,9.863246,2.352914,0.009421,0.028357,1.894354,1.530563,0.002586,7.508971,7.485545,0.173789,0.770732,0.004962,0.000190,0.000052,0.003557,0.000021,0.000009,0.194078,0.252579,0.001982,0.003161,0.029075,0.000104,0.001894,0.000063,0.000033,0.966914,5.482718,5.482630,4.676347,1.574512,0.785884,3.074548,0.067080,0.805006,0.785947,0.002498,0.128248,0.000575,0.004070,0.314317,0.008320,0
cuda,hf_GPT2,1,7.947263,7.820675,0.959429,0.187037,0.136677,0.051741,0.193595,0.018858,6.795867,0.142222,0.140579,0.008972,0.000033,0.001005,0.000023,6.621033,0.182499,6.002122,2.346311,0.005492,0.024466,1.784965,1.547342,0.001978,3.654776,3.631347,0.124580,0.417062,0.003013,0.000131,0.000032,0.001244,0.000016,0.000009,0.079162,0.149300,0.001297,0.002326,0.028803,0.000107,0.001379,0.000047,0.000032,0.658114,2.363284,2.363210,1.145450,0.444619,0.164374,0.678688,0.051808,1.216354,1.201096,0.119717,0.000399,0.004179,0.196481,0.005479,0,0
cuda,hf_Bert,1,9.203240,9.061041,0.864679,0.173998,0.097049,0.061488,0.224045,0.014522,8.123714,0.161901,0.158731,0.007327,0.000047,0.000722,0.000022,7.922704,0.258765,7.040148,2.436305,0.011133,0.035427,1.906669,1.544146,0.002518,4.602624,4.576943,0.192641,0.753998,0.004746,0.000283,0.000055,0.002478,0.000026,0.000008,0.204726,0.254153,0.002103,0.003676,0.030753,0.000110,0.002047,0.000087,0.000053,1.016148,2.519542,2.519491,1.997158,0.528155,0.132105,1.438613,0.062274,0.519621,0.501876,0.135541,0.000501,0.004508,0.124303,0.004994,0,0
cuda,hf_Albert,1,9.515646,9.455414,0.788895,0.234405,0.087050,0.011938,0.065009,0.020332,8.608203,0.148084,0.142454,0.007353,0.000038,0.000637,0.000023,8.444032,0.258284,7.590052,0.826102,0.007524,0.043681,0.261093,0.002472,6.762930,6.740060,0.183857,0.737075,0.004788,0.000227,0.000054,0.001730,0.000018,0.000009,0.218282,0.226701,0.002115,0.002601,0.026831,0.000105,0.002062,0.000087,0.000061,2.533323,1.553985,3.195188,3.195135,2.557414,0.783658,0.396190,1.759574,0.049346,0.636590,0.620509,0.053188,0.002108,0.004399,0.256776,0.004889,0,0
cuda,hf_DistilBert,1,6.761933,6.668774,0.530303,0.114781,0.055020,0.036429,0.129636,0.010328,6.089459,0.150095,0.145973,0.006265,0.000040,0.000424,0.000022,5.914171,0.144123,5.423909,1.901445,0.003830,0.021841,1.704608,1.462014,0.001500,3.521511,3.150760,0.104073,0.375844,0.002550,0.000114,0.000033,0.000607,0.000016,0.000008,0.099375,0.124489,0.001103,0.001785,0.016427,0.000087,0.000962,0.000042,0.000030,0.508108,2.105964,2.105908,0.947721,0.289909,0.066558,0.639018,0.041084,1.153556,1.137587,0.086535,0.002262,0.005249,0.159208,0.003991,0,0
cuda,BERT_pytorch,16,10.167952,10.036085,0.794864,0.210713,0.095269,0.059788,0.229248,0.022337,9.138346,0.144107,0.142495,0.007559,0.000027,0.000995,0.000026,8.955229,0.302538,8.013701,2.279840,0.009285,0.028182,1.822825,1.447897,0.002694,5.732529,5.705766,0.195839,0.766464,0.005277,0.000190,0.000045,0.003768,0.000024,0.000010,0.202831,0.261540,0.001998,0.003501,0.031476,0.000100,0.001768,0.000055,0.000034,1.016358,3.635776,3.635732,2.814590,1.552170,0.793176,1.232668,0.070030,0.819592,0.797772,0.002167,0.125117,0.001142,0.004099,0.263859,0.005554,0
cuda,hf_Bert,1,9.033947,8.883259,0.905905,0.182562,0.107109,0.064426,0.239631,0.016320,7.904777,0.143651,0.141938,0.007796,0.000036,0.000813,0.000022,7.722324,0.246236,6.838116,2.442103,0.007434,0.034766,1.941638,1.445392,0.002603,4.394667,4.366892,0.184721,0.731748,0.005148,0.000190,0.000038,0.001117,0.000016,0.000008,0.199885,0.235000,0.002234,0.003327,0.034949,0.000119,0.002020,0.000066,0.000038,0.937679,2.415983,2.415933,2.044529,0.515893,0.130432,1.498387,0.066959,0.370146,0.350635,0.140171,0.000896,0.005784,0.165699,0.005177,0,0
cuda,hf_GPT2,1,8.816040,8.700962,0.923666,0.184327,0.140085,0.046636,0.179441,0.023776,7.707054,0.155616,0.152838,0.009899,0.000049,0.001074,0.000023,7.516548,0.186687,6.904922,2.513844,0.004896,0.023057,2.011379,1.537520,0.001780,4.390205,4.367564,0.145461,0.441545,0.003650,0.000170,0.000037,0.001560,0.000016,0.000009,0.101388,0.158357,0.001730,0.002798,0.022709,0.000115,0.001807,0.000074,0.000037,0.684638,3.019659,3.019606,1.810099,0.460466,0.173181,1.328928,0.049880,1.208292,1.193257,0.107630,0.000996,0.004315,0.148187,0.005955,0,0
cuda,hf_Bert,1,10.015895,9.879198,0.983429,0.201722,0.102972,0.068495,0.255474,0.017826,8.820315,0.151749,0.149791,0.007484,0.000041,0.000725,0.000023,8.627644,0.260132,7.727173,2.446397,0.007682,0.033082,1.913346,1.554144,0.002732,5.279443,5.251247,0.194087,0.762336,0.005095,0.000197,0.000046,0.001255,0.000017,0.000008,0.224405,0.242089,0.002103,0.003257,0.030339,0.000136,0.002249,0.000086,0.000035,1.010791,3.172007,3.171933,3.009158,0.525799,0.133760,2.453996,0.064583,0.161653,0.146469,0.127944,0.002070,0.004516,0.124413,0.006637,0,0
cuda,hf_Albert,1,11.139027,11.074743,0.761889,0.219422,0.089201,0.012562,0.063365,0.011117,10.272616,0.135682,0.134111,0.006880,0.000029,0.000593,0.000020,10.121807,0.276262,9.222278,0.757908,0.007071,0.032967,0.236895,0.002429,8.463381,8.440896,0.191445,0.758716,0.004535,0.000185,0.000034,0.001386,0.000016,0.000009,0.213744,0.262418,0.001732,0.002212,0.025614,0.000089,0.001566,0.000043,0.000033,2.386164,1.461432,5.013494,5.013439,4.234583,0.773020,0.391109,3.447576,0.049148,0.777637,0.762538,0.057536,0.001682,0.004245,0.296324,0.007895,0,0
cuda,hf_DistilBert,1,7.226171,7.151074,0.558858,0.120957,0.060408,0.036426,0.133740,0.009484,6.543420,0.176457,0.173962,0.005917,0.000038,0.000442,0.000021,6.342169,0.139666,5.863828,1.994777,0.003963,0.021655,1.788612,1.551397,0.001401,3.868307,3.559534,0.110290,0.362577,0.002806,0.000124,0.000056,0.000694,0.000023,0.000010,0.095346,0.112253,0.001072,0.001644,0.013707,0.000118,0.001006,0.000045,0.000032,0.473465,2.555268,2.555222,1.371904,0.265359,0.067122,1.091070,0.031706,1.182279,1.170360,0.070938,0.000427,0.004182,0.143374,0.004660,0,0
cuda,BERT_pytorch,16,12.396306,12.256164,0.799573,0.212561,0.090457,0.062856,0.235372,0.020465,11.351447,0.146365,0.142606,0.008092,0.000033,0.000963,0.000021,11.164823,0.308721,10.230578,2.335709,0.008891,0.029450,1.871321,1.440568,0.002704,7.893593,7.868735,0.182361,0.770378,0.004495,0.000205,0.000036,0.003095,0.000018,0.000009,0.178898,0.271114,0.001738,0.003123,0.032148,0.000117,0.001775,0.000062,0.000036,0.992057,5.830508,5.830461,4.966307,1.669049,0.800096,3.264616,0.072631,0.862344,0.842672,0.002284,0.132206,0.000524,0.004402,0.278982,0.008768,0
cuda,hf_GPT2,1,7.740316,7.622033,0.959416,0.185922,0.143819,0.051946,0.195373,0.019192,6.598680,0.154383,0.151092,0.010779,0.000051,0.001163,0.000028,6.405070,0.191955,5.772828,2.290257,0.005280,0.024824,1.728445,1.468488,0.001849,3.481427,3.455224,0.128557,0.405539,0.003334,0.000148,0.000059,0.001565,0.000025,0.000010,0.088908,0.157396,0.001503,0.002469,0.019262,0.000087,0.001363,0.000055,0.000033,0.627314,2.226738,2.226693,1.175978,0.426578,0.150987,0.728898,0.048352,1.049523,1.033906,0.112610,0.000182,0.192195,0.176822,0.020927,0,0
cuda,hf_Bert,1,9.958003,9.808822,0.887520,0.178022,0.099863,0.060372,0.230188,0.014837,8.849652,0.143299,0.141557,0.006921,0.000034,0.000700,0.000022,8.668040,0.261138,7.772523,2.551505,0.008135,0.048441,2.014696,1.551919,0.002571,5.219522,5.196419,0.182509,0.927312,0.004983,0.000197,0.000043,0.001153,0.000017,0.000009,0.195476,0.291654,0.003371,0.004687,0.066806,0.000186,0.003915,0.000144,0.000068,1.136265,2.840350,2.840293,2.417052,0.636197,0.170312,1.743202,0.065536,0.422028,0.405546,0.142508,0.000499,0.004307,0.142040,0.006161,0,0
cuda,hf_Albert,1,9.590770,9.534594,0.776545,0.229522,0.084865,0.012273,0.065944,0.013472,8.713849,0.152361,0.147944,0.009069,0.000053,0.000814,0.000041,8.542562,0.312242,7.596610,0.847360,0.007165,0.037562,0.254112,0.002488,6.748063,6.719048,0.189719,0.701651,0.005374,0.000199,0.000034,0.001460,0.000017,0.000009,0.192563,0.229923,0.001960,0.002283,0.030321,0.000104,0.001857,0.000054,0.000032,2.498042,1.592317,3.241326,3.241266,2.600774,0.793695,0.398394,1.792722,0.060977,0.639291,0.624237,0.050119,0.002188,0.004452,0.248076,0.005582,0,0
cuda,hf_DistilBert,1,7.005634,6.924822,0.521875,0.112042,0.054726,0.032391,0.124641,0.008566,6.355848,0.142786,0.139990,0.005802,0.000033,0.000403,0.000021,6.189209,0.130297,5.739019,2.288697,0.003896,0.034482,2.075833,1.547708,0.001454,3.449565,3.091774,0.102316,0.353732,0.002435,0.000111,0.000040,0.000611,0.000016,0.000009,0.087680,0.116629,0.001022,0.001914,0.015705,0.000110,0.001002,0.000062,0.000036,0.468671,2.110664,2.110617,0.876915,0.259168,0.061439,0.599576,0.049124,1.232560,1.218878,0.074800,0.002225,0.004350,0.175041,0.017631,0,0
cuda,BERT_pytorch,16,11.153274,11.004747,0.846228,0.227798,0.089821,0.066637,0.247998,0.019671,10.053266,0.142026,0.140357,0.008590,0.000040,0.001120,0.000023,9.869725,0.318088,8.835380,2.579810,0.009470,0.029430,1.961290,1.561124,0.002790,6.253875,6.227077,0.186450,0.784347,0.005305,0.000185,0.000045,0.003678,0.000020,0.000011,0.204797,0.269721,0.001862,0.003161,0.029638,0.000133,0.001736,0.000069,0.000052,1.063407,4.087971,4.087918,3.197971,1.876473,0.910750,1.285962,0.081935,0.888339,0.868334,0.002593,0.139314,0.001329,0.004445,0.281557,0.006811,0
cuda,hf_Albert,1,11.255311,11.199388,0.767471,0.217926,0.088519,0.013846,0.067637,0.011084,10.392004,0.159939,0.156372,0.007491,0.000038,0.000621,0.000021,10.215752,0.277299,9.348706,0.749144,0.007487,0.034837,0.252469,0.002555,8.598493,8.572566,0.198582,0.822359,0.004865,0.000201,0.000043,0.001569,0.000022,0.000009,0.221071,0.278069,0.002635,0.003610,0.033169,0.000123,0.001875,0.000071,0.000041,2.521192,1.572066,4.929778,4.929727,4.216480,0.801286,0.394710,3.401869,0.050534,0.712155,0.697729,0.049090,0.001915,0.004228,0.295099,0.006873,0,0
cuda,hf_Albert,1,11.414091,11.360288,0.797464,0.231249,0.086580,0.013536,0.069401,0.011821,10.523560,0.155971,0.154021,0.007759,0.000034,0.000735,0.000023,10.350915,0.290391,9.456934,0.826841,0.007043,0.032166,0.256450,0.002470,8.629103,8.605709,0.204064,0.797373,0.004736,0.000215,0.000046,0.001527,0.000016,0.000009,0.213839,0.273468,0.001785,0.002835,0.030940,0.000124,0.001816,0.000075,0.000035,2.473220,1.468312,5.035371,5.035309,4.284614,0.846568,0.414817,3.421076,0.052809,0.748191,0.733759,0.049047,0.000099,0.005390,0.280628,0.007274,0,0
cuda,hf_Albert,1,18.646674,18.591129,1.677794,0.465809,0.206443,0.015854,0.100111,0.012966,16.865545,0.143222,0.140799,0.008339,0.000045,0.000661,0.000024,16.704499,0.615866,15.472282,1.145225,0.006924,0.031289,0.444873,0.002427,14.325949,14.288674,0.387523,2.745488,0.004656,0.000193,0.000051,0.007694,0.000021,0.000010,1.190919,0.570218,0.001769,0.003258,0.144347,0.000216,0.001800,0.000176,0.000098,4.370533,1.446598,6.669832,6.669781,6.124104,2.142558,0.472411,3.889151,0.229826,0.541658,0.518817,0.050551,0.001425,0.004575,0.274884,0.007053,0,0
cuda,hf_Albert,1,10.964452,10.912522,0.773961,0.225524,0.089669,0.012384,0.063753,0.012400,10.097842,0.157526,0.155805,0.008020,0.000030,0.000605,0.000022,9.924075,0.268211,8.999075,0.821597,0.007769,0.039891,0.278778,0.002658,8.176329,8.148806,0.191714,0.753278,0.005338,0.000204,0.000040,0.001432,0.000017,0.000009,0.223424,0.230392,0.002057,0.002353,0.030202,0.000135,0.002012,0.000071,0.000032,2.435345,1.499833,4.674788,4.674731,3.946296,0.757299,0.381651,3.174397,0.056366,0.725185,0.710085,0.045987,0.002130,0.004188,0.273828,0.006704,0,0
cuda,hf_Albert,1,11.149578,11.090152,0.791725,0.229606,0.086965,0.012035,0.066434,0.019139,10.248287,0.179707,0.177792,0.007234,0.000030,0.000658,0.000023,10.052920,0.275829,9.115322,0.826499,0.007785,0.034668,0.251557,0.002723,8.287702,8.263075,0.205240,0.776996,0.005742,0.000212,0.000045,0.003545,0.000019,0.000009,0.211649,0.251662,0.002280,0.002452,0.029566,0.000128,0.002266,0.000093,0.000046,2.416443,1.454631,4.770996,4.770940,4.024889,0.805731,0.399781,3.203496,0.052419,0.742839,0.727076,0.053731,0.001849,0.004222,0.280125,0.007246,0,0
cuda,hf_Albert,1,10.875973,10.822447,0.786923,0.227081,0.091599,0.013962,0.065620,0.014388,9.992978,0.155980,0.150651,0.008447,0.000045,0.000745,0.000022,9.816699,0.287810,8.932384,0.748333,0.007269,0.031719,0.238168,0.002470,8.182697,8.155797,0.176062,0.727123,0.005995,0.000237,0.000038,0.001386,0.000017,0.000008,0.202390,0.228649,0.001974,0.002643,0.028975,0.000091,0.001803,0.000046,0.000033,2.463891,1.554643,4.701477,4.701418,3.989154,0.797712,0.391375,3.177753,0.050336,0.708926,0.693980,0.047893,0.001647,0.004819,0.282648,0.007326,0,0
cuda,hf_Albert,1,11.086930,11.029001,0.801335,0.233780,0.085209,0.012662,0.068548,0.011485,10.184203,0.138298,0.136577,0.007534,0.000037,0.000632,0.000024,10.029457,0.262581,9.166072,0.813521,0.007442,0.033238,0.256498,0.002578,8.351362,8.325526,0.194818,0.790956,0.005435,0.000226,0.000072,0.001607,0.000020,0.000010,0.205926,0.254653,0.003814,0.002300,0.037868,0.000107,0.001797,0.000061,0.000033,2.366352,1.448228,4.882822,4.882768,4.148098,0.763098,0.377946,3.369820,0.051405,0.729386,0.714579,0.050731,0.002155,0.005305,0.288808,0.007535,0,0
cuda,hf_Albert,1,11.560750,11.505881,0.767238,0.221980,0.081868,0.011290,0.063563,0.011665,10.691849,0.150701,0.149145,0.007345,0.000037,0.000641,0.000021,10.525150,0.280367,9.620936,0.842966,0.008871,0.040858,0.296113,0.002862,8.776856,8.747725,0.268802,0.918587,0.007315,0.000523,0.000082,0.002199,0.000042,0.000013,0.252562,0.297178,0.002808,0.002836,0.037130,0.000164,0.002469,0.000075,0.000036,2.516560,1.531924,4.921462,4.921405,4.142003,0.819336,0.409598,3.308663,0.050602,0.773848,0.759608,0.048181,0.001927,0.093753,0.289797,0.014133,0,0
cuda,hf_GPT2,1,8.170837,8.051966,0.924040,0.189662,0.129428,0.049296,0.185238,0.018195,7.060268,0.191736,0.189038,0.009236,0.000037,0.000968,0.000021,6.834506,0.180849,6.219939,2.401601,0.005084,0.022839,1.808015,1.530613,0.001879,3.817263,3.790487,0.134263,0.579782,0.003069,0.000169,0.000034,0.001420,0.000019,0.000009,0.093992,0.139462,0.001821,0.002772,0.119908,0.000289,0.000083,0.001327,0.000050,0.000033,0.680902,2.327287,2.327238,2.022273,0.428958,0.153750,1.573104,0.059755,0.303425,0.283685,0.110153,0.001686,0.004646,0.126619,0.005997,0
cuda,hf_Bert,1,8.162460,8.034972,0.859581,0.176520,0.092881,0.060901,0.226464,0.013529,7.111838,0.196587,0.194960,0.007338,0.000034,0.000654,0.000023,6.877577,0.245711,5.990998,2.673659,0.007536,0.031358,2.169492,1.534189,0.001799,3.315390,3.285471,0.140643,0.539541,0.004064,0.000154,0.000034,0.001172,0.000015,0.000008,0.064482,0.132087,0.001378,0.002367,0.117993,0.000324,0.000088,0.001559,0.000056,0.000037,0.664819,1.865495,1.865424,1.671199,0.349558,0.083815,1.300259,0.052637,0.193078,0.178834,0.121527,0.001098,0.004071,0.419003,0.005807,0
cuda,hf_Albert,1,9.338827,9.284365,0.776356,0.225425,0.088309,0.011826,0.065182,0.012594,8.465232,0.195311,0.192522,0.011800,0.000033,0.000702,0.000024,8.248960,0.289941,7.337850,0.948115,0.007722,0.034239,0.327238,0.002052,6.388556,6.361243,0.159159,0.658770,0.004870,0.000178,0.000068,0.001826,0.000017,0.000013,0.091858,0.145126,0.001603,0.001847,0.153125,0.000097,0.000087,0.001460,0.000049,0.000032,2.167421,1.455954,3.309639,3.309584,2.635621,0.581187,0.306031,2.040994,0.048356,0.670227,0.656558,0.049811,0.000255,0.004501,0.208541,0.006346,0
cuda,hf_DistilBert,1,6.072609,5.990562,0.508324,0.110755,0.060805,0.030798,0.120450,0.008020,5.435956,0.195112,0.193408,0.006023,0.000040,0.000384,0.000022,5.215784,0.133675,4.725283,1.946563,0.004071,0.023435,1.738571,1.459544,0.001036,2.777887,2.486144,0.086657,0.324754,0.002309,0.000109,0.000031,0.000701,0.000015,0.000008,0.039427,0.074105,0.000843,0.001427,0.069066,0.000143,0.000095,0.000796,0.000042,0.000050,0.384923,1.644630,1.644580,0.935274,0.197043,0.047068,0.723015,0.033141,0.708267,0.186301,0.510066,0.077694,0.000764,0.004453,0.087976,0.004142
cuda,hf_GPT2,1,8.003843,7.901445,0.883117,0.179860,0.127686,0.047087,0.173770,0.017711,6.953558,0.199211,0.196207,0.009393,0.000031,0.000977,0.000023,6.720168,0.190771,6.061164,2.297832,0.005244,0.023329,1.794071,1.533152,0.001954,3.761764,3.731813,0.139971,0.577724,0.003523,0.000200,0.000052,0.001552,0.000023,0.000009,0.085917,0.131482,0.001451,0.002238,0.122844,0.000421,0.000138,0.001908,0.000077,0.000035,0.705987,2.235680,2.235615,1.889461,0.441210,0.156730,1.427726,0.054460,0.344861,0.330513,0.095263,0.001260,0.004238,0.120173,0.005942,0
cuda,hf_Bert,1,8.122586,7.994162,0.857984,0.175322,0.090706,0.058164,0.220332,0.013467,7.071572,0.213255,0.210819,0.006931,0.000031,0.000669,0.000021,6.819991,0.246299,5.904278,2.515712,0.007861,0.034286,1.876043,1.456227,0.001957,3.387035,3.355394,0.147823,0.598609,0.004667,0.000278,0.000036,0.001369,0.000017,0.000008,0.074531,0.136732,0.001619,0.002518,0.145544,0.000318,0.000082,0.001688,0.000046,0.000031,0.697048,1.837989,1.837920,1.663842,0.360351,0.089055,1.279624,0.056558,0.172929,0.157708,0.122254,0.000924,0.004893,0.408238,0.005881,0
cuda,hf_Albert,1,9.188386,9.134019,0.746230,0.216943,0.091068,0.010801,0.059921,0.011411,8.348816,0.198276,0.196408,0.007293,0.000046,0.000595,0.000020,8.134699,0.271695,7.245876,0.828299,0.007873,0.037928,0.306365,0.001776,6.416521,6.390593,0.161158,0.641344,0.004960,0.000272,0.000062,0.002009,0.000025,0.000010,0.089526,0.149587,0.001670,0.001972,0.136195,0.000107,0.000101,0.001570,0.000079,0.000036,2.163275,1.455401,3.351840,3.351786,2.634413,0.564146,0.291125,2.056799,0.048146,0.715300,0.703285,0.049700,0.000224,0.088091,0.236810,0.006204,0
cuda,hf_DistilBert,1,6.143880,6.064897,0.556350,0.128666,0.060321,0.036327,0.132324,0.009303,5.455860,0.204627,0.200193,0.006347,0.000032,0.000410,0.000020,5.224829,0.143401,4.698098,1.976272,0.004694,0.024972,1.743507,1.473676,0.001014,2.720826,2.414929,0.101837,0.326669,0.002335,0.000110,0.000048,0.000766,0.000018,0.000008,0.040378,0.089117,0.000815,0.001426,0.068309,0.000174,0.000083,0.000771,0.000042,0.000041,0.380086,1.554815,1.554771,0.924283,0.187666,0.041436,0.721068,0.033307,0.629398,0.194055,0.423108,0.074596,0.000893,0.004609,0.087342,0.003734
cuda,hf_GPT2,1,8.085914,7.968364,0.886365,0.179319,0.126206,0.047186,0.174577,0.018702,7.017473,0.195174,0.193427,0.008937,0.000032,0.000933,0.000021,6.789693,0.187558,6.176256,2.308931,0.004720,0.022790,1.819453,1.541914,0.001937,3.866099,3.839482,0.151068,0.666073,0.003461,0.000194,0.000048,0.001605,0.000020,0.000010,0.096886,0.157339,0.001575,0.003182,0.140874,0.000339,0.000112,0.001239,0.000044,0.000034,0.669102,2.284570,2.284523,1.961529,0.447132,0.161139,1.494189,0.056415,0.321551,0.305326,0.108262,0.002167,0.004515,0.124619,0.010511,0
cuda,hf_Bert,1,8.239826,8.109616,0.877809,0.184195,0.093633,0.061266,0.228409,0.014417,7.164538,0.197005,0.193962,0.009513,0.000037,0.000741,0.000023,6.925244,0.269671,5.996663,2.533305,0.007838,0.033679,1.907582,1.466318,0.001829,3.462021,3.435771,0.172509,0.608988,0.004311,0.000383,0.000055,0.001419,0.000018,0.000009,0.072583,0.149738,0.001640,0.003270,0.132585,0.000336,0.000121,0.001850,0.000064,0.000050,0.737889,1.839104,1.839049,1.667653,0.361624,0.091017,1.282727,0.055505,0.170312,0.155352,0.123119,0.001006,0.004474,0.464834,0.006081,0
cuda,hf_Albert,1,9.316766,9.266647,0.859604,0.248093,0.096158,0.015396,0.076515,0.012051,8.363390,0.206849,0.202837,0.007992,0.000045,0.000621,0.000024,8.138862,0.286196,7.184587,0.925346,0.009865,0.038250,0.307524,0.001869,6.257774,6.229469,0.146998,0.583747,0.004884,0.000183,0.000041,0.001716,0.000016,0.000009,0.082016,0.142131,0.001699,0.001815,0.119896,0.000086,0.000081,0.001448,0.000048,0.000032,2.192964,1.493352,3.241179,3.241139,2.546458,0.587072,0.312212,1.948131,0.044428,0.693705,0.682651,0.045563,0.000184,0.004175,0.210406,0.005636,0
cuda,hf_DistilBert,1,6.474966,6.398423,0.559412,0.123686,0.061557,0.034505,0.132604,0.011215,5.789772,0.245271,0.243544,0.005573,0.000033,0.000362,0.000021,5.520177,0.158833,5.001156,2.001877,0.004141,0.022538,1.766042,1.474133,0.001070,2.998443,2.666300,0.104682,0.515951,0.002856,0.000104,0.000046,0.001113,0.000025,0.000010,0.083457,0.099741,0.000957,0.001972,0.138269,0.000251,0.000102,0.000912,0.000057,0.000040,0.513746,1.483152,1.483103,1.025956,0.261523,0.047977,0.742165,0.048245,0.453722,0.441257,0.071548,0.001400,0.004162,0.085993,0.003831,0
cuda,hf_GPT2,1,8.057284,7.949572,0.892409,0.186705,0.122354,0.049118,0.176335,0.019211,6.990447,0.195031,0.193145,0.014335,0.000039,0.001011,0.000030,6.755008,0.190397,6.104811,2.351402,0.005478,0.022901,1.801705,1.535948,0.001861,3.752280,3.724321,0.131185,0.591546,0.003861,0.000138,0.000034,0.001370,0.000016,0.000009,0.082349,0.133212,0.001537,0.007938,0.128733,0.000273,0.000093,0.001458,0.000052,0.000033,0.701241,2.233903,2.233848,1.901207,0.453944,0.165443,1.426886,0.053124,0.329441,0.315698,0.098958,0.001706,0.004212,0.129353,0.005681,0
cuda,hf_Bert,1,8.106030,7.969357,0.841016,0.172969,0.091472,0.059160,0.220221,0.013129,7.062701,0.184781,0.182026,0.008958,0.000029,0.000677,0.000021,6.837983,0.245701,5.950670,2.424236,0.007593,0.035418,1.888429,1.461736,0.001910,3.525033,3.496662,0.147106,0.640633,0.004648,0.000194,0.000037,0.001325,0.000017,0.000009,0.072972,0.159537,0.001417,0.002577,0.154953,0.000452,0.000117,0.002053,0.000074,0.000034,0.690210,1.942130,1.942080,1.769642,0.362043,0.091831,1.384886,0.055391,0.171258,0.155937,0.127716,0.001879,0.004601,0.527150,0.006690,0
cuda,hf_Albert,1,9.488959,9.438702,0.853044,0.251973,0.099141,0.014934,0.073315,0.012618,8.537013,0.212190,0.206064,0.008945,0.000046,0.000688,0.000028,8.306262,0.282610,7.362171,0.921242,0.007849,0.036885,0.329372,0.001930,6.439677,6.412047,0.154969,0.606590,0.005109,0.000182,0.000046,0.001834,0.000024,0.000012,0.091173,0.145591,0.001609,0.001777,0.122267,0.000101,0.000094,0.001424,0.000046,0.000035,2.175823,1.458190,3.404986,3.404937,2.685477,0.609850,0.310365,2.061943,0.052653,0.715780,0.704139,0.046134,0.000081,0.074421,0.221839,0.011935,0
cuda,hf_DistilBert,1,6.145238,6.065730,0.540691,0.121267,0.063131,0.034401,0.130664,0.008421,5.478618,0.216137,0.212274,0.007133,0.000041,0.000504,0.000035,5.230355,0.155124,4.718359,2.022058,0.003907,0.021599,1.823838,1.541022,0.001075,2.695530,2.293217,0.084386,0.333011,0.002352,0.000105,0.000040,0.000717,0.000017,0.000008,0.038573,0.081532,0.000903,0.001615,0.070331,0.000234,0.000102,0.000839,0.000045,0.000038,0.411993,1.420144,1.420078,0.998758,0.206388,0.044855,0.774859,0.032395,0.418230,0.403317,0.073879,0.001866,0.004251,0.089526,0.004452,0
cuda,hf_GPT2,1,8.170105,8.042915,0.896429,0.181240,0.127732,0.047618,0.174200,0.020024,7.075856,0.212732,0.209569,0.009452,0.000042,0.001020,0.000027,6.827340,0.196979,6.180668,2.320287,0.005114,0.024676,1.804565,1.533187,0.002061,3.859368,3.825315,0.147764,0.608416,0.003686,0.000220,0.000043,0.001482,0.000020,0.000009,0.091695,0.144317,0.001579,0.002515,0.124144,0.000227,0.000088,0.001213,0.000042,0.000033,0.679850,2.314637,2.314587,1.925792,0.451984,0.156732,1.454914,0.051460,0.387582,0.371952,0.119200,0.001594,0.004464,0.129334,0.005814,0
cuda,hf_Bert,1,8.238465,8.108207,0.896101,0.185158,0.095748,0.064273,0.237870,0.014718,7.143276,0.193028,0.191305,0.008183,0.000063,0.000764,0.000026,6.909471,0.262848,5.980589,2.511716,0.007726,0.035785,1.887878,1.466516,0.001832,3.467438,3.439445,0.148341,0.615048,0.004820,0.000199,0.000037,0.001370,0.000017,0.000008,0.078423,0.152351,0.001466,0.002604,0.134101,0.000420,0.000094,0.001806,0.000042,0.000031,0.713851,1.889495,1.889452,1.715399,0.361968,0.086213,1.330356,0.056972,0.172938,0.157899,0.122553,0.001033,0.004322,0.061324,0.005707,0
cuda,hf_Albert,1,9.473917,9.420646,0.795229,0.232761,0.092179,0.011725,0.062118,0.015110,8.581305,0.215746,0.211987,0.007056,0.000027,0.000568,0.000021,8.349560,0.273078,7.446728,0.897913,0.008073,0.037011,0.328312,0.001943,6.547660,6.519241,0.148944,0.645152,0.004461,0.000172,0.000038,0.001699,0.000016,0.000009,0.088336,0.162482,0.001714,0.001936,0.138797,0.000112,0.000093,0.001383,0.000061,0.000033,2.219020,1.481950,3.434819,3.434769,2.634129,0.603238,0.326361,2.015859,0.055567,0.797994,0.783757,0.048565,0.000250,0.119789,0.228187,0.023526,0
cuda,hf_DistilBert,1,5.855116,5.780007,0.543741,0.119564,0.061120,0.035252,0.132747,0.008865,5.189453,0.198576,0.196853,0.006035,0.000034,0.000431,0.000021,4.965615,0.135778,4.488582,1.954380,0.003884,0.020687,1.727438,1.460472,0.001057,2.533415,2.220128,0.086466,0.319751,0.002313,0.000093,0.000038,0.000745,0.000015,0.000011,0.039168,0.078996,0.000744,0.001469,0.071670,0.000259,0.000095,0.000750,0.000044,0.000034,0.372597,1.397812,1.397767,0.966705,0.191462,0.042216,0.759818,0.036546,0.429882,0.416838,0.069813,0.002017,0.004181,0.087548,0.004542,0
cuda,hf_GPT2,1,7.850173,7.743661,0.859196,0.173132,0.123682,0.044720,0.165903,0.017148,6.823411,0.201155,0.196234,0.008901,0.000028,0.000878,0.000020,6.587703,0.187459,5.971958,2.314853,0.005405,0.023092,1.803102,1.538558,0.001884,3.656164,3.629548,0.134789,0.570877,0.003053,0.000147,0.000030,0.001335,0.000015,0.000008,0.083644,0.140066,0.001634,0.002557,0.117951,0.000327,0.000116,0.001522,0.000043,0.000033,0.667459,2.190227,2.190170,1.865349,0.448962,0.166091,1.396305,0.053964,0.323652,0.309592,0.099387,0.001523,0.004347,0.113895,0.005501,0
cuda,hf_Bert,1,8.015085,7.890168,0.866749,0.177151,0.098076,0.060656,0.228552,0.015140,6.955017,0.198355,0.195350,0.007096,0.000035,0.000663,0.000021,6.717708,0.264391,5.809510,2.461312,0.007715,0.032725,1.950832,1.545396,0.001782,3.346915,3.318084,0.148193,0.603955,0.005450,0.000251,0.000050,0.001726,0.000017,0.000010,0.085304,0.151713,0.001394,0.002657,0.113183,0.000282,0.000089,0.001437,0.000039,0.000039,0.668666,1.824442,1.824394,1.649373,0.353450,0.082383,1.274939,0.051937,0.174007,0.158696,0.118515,0.001471,0.004066,0.407220,0.005845,0
cuda,hf_Albert,1,9.136686,9.082210,0.762030,0.219197,0.090303,0.012037,0.062459,0.011629,8.279812,0.185817,0.184074,0.007444,0.000030,0.000634,0.000022,8.077492,0.261430,7.200522,0.841544,0.007658,0.032661,0.288362,0.001772,6.357725,6.333452,0.151217,0.591456,0.004612,0.000199,0.000049,0.001658,0.000021,0.000009,0.076431,0.151284,0.001558,0.001901,0.115915,0.000095,0.000097,0.001294,0.000037,0.000029,2.142460,1.458295,3.381428,3.381379,2.672848,0.544014,0.292060,2.118908,0.045862,0.707484,0.694093,0.049572,0.000210,0.004147,0.224231,0.005931,0
cuda,hf_DistilBert,1,6.011089,5.938931,0.546163,0.121033,0.060881,0.036416,0.132876,0.009092,5.346856,0.190323,0.188572,0.006204,0.000041,0.000395,0.000022,5.131222,0.139194,4.640757,2.034239,0.003892,0.022086,1.810737,1.537446,0.001060,2.605644,2.214462,0.083287,0.311736,0.002233,0.000104,0.000045,0.000733,0.000016,0.000009,0.039578,0.074870,0.000718,0.001465,0.068263,0.000193,0.000091,0.000719,0.000042,0.000031,0.383097,1.391188,1.391140,0.914225,0.192503,0.042317,0.707196,0.033301,0.475972,0.464088,0.067338,0.001816,0.150417,0.088815,0.012247,0
cuda,hf_GPT2,1,8.348626,8.191611,0.879130,0.177119,0.129344,0.046656,0.174138,0.019850,7.239351,0.239503,0.234638,0.009665,0.000039,0.000907,0.000022,6.964949,0.183657,6.348721,2.329967,0.006034,0.026401,1.815476,1.537542,0.001894,4.017693,3.990227,0.131074,0.557000,0.003265,0.000166,0.000038,0.001443,0.000019,0.000009,0.084427,0.134626,0.001356,0.002200,0.117107,0.000281,0.000100,0.001404,0.000089,0.000039,0.648501,2.588310,2.588257,2.093094,0.428413,0.154646,1.639888,0.075434,0.492827,0.473223,0.147985,0.002029,0.203804,0.162225,0.021650,0
cuda,hf_Bert,1,8.962780,8.801581,1.060421,0.219735,0.127227,0.077305,0.278175,0.016464,7.656983,0.208261,0.204524,0.009243,0.000042,0.000701,0.000041,7.405505,0.274323,6.444201,2.781834,0.008280,0.038262,2.230573,1.551642,0.002793,3.660818,3.629428,0.167117,0.670241,0.006217,0.000285,0.000042,0.001554,0.000021,0.000010,0.097980,0.182845,0.002042,0.003483,0.133693,0.000312,0.000094,0.001463,0.000047,0.000031,0.713722,2.002698,2.002638,1.776802,0.360020,0.086080,1.391379,0.067734,0.224514,0.202919,0.153855,0.001289,0.004605,0.074243,0.007334,0
cuda,hf_Albert,1,9.632529,9.578510,0.766882,0.216311,0.094935,0.014307,0.066295,0.011178,8.770119,0.203355,0.200193,0.007559,0.000035,0.000591,0.000021,8.550041,0.264417,7.642019,1.027269,0.010893,0.037909,0.348111,0.002120,6.613474,6.582018,0.148011,0.585519,0.004226,0.000202,0.000046,0.001633,0.000027,0.000009,0.084030,0.145294,0.001348,0.001672,0.119779,0.000077,0.000099,0.001186,0.000040,0.000032,2.337215,1.530535,3.444004,3.443950,2.744515,0.655896,0.342390,2.071889,0.050601,0.697151,0.685672,0.050136,0.000215,0.003959,0.214376,0.006242,0
cuda,hf_DistilBert,1,6.377374,6.297641,0.528503,0.115553,0.067091,0.032268,0.129948,0.008261,5.723197,0.193585,0.189660,0.009485,0.000049,0.000374,0.000020,5.499078,0.143135,5.001893,2.023075,0.004046,0.021857,1.811643,1.535259,0.001060,2.978041,2.619396,0.085235,0.301402,0.002181,0.000102,0.000039,0.000791,0.000019,0.000009,0.035634,0.071548,0.003824,0.002740,0.059426,0.000143,0.000084,0.000711,0.000037,0.000031,0.386870,1.800766,1.800700,0.931188,0.187110,0.042000,0.729253,0.032892,0.867460,0.584930,0.270399,0.076345,0.000129,0.027314,0.098514,0.019357
cuda,BERT_pytorch,16,13.412221,13.278106,0.815673,0.212914,0.098053,0.062828,0.242845,0.019617,12.354564,0.194724,0.193108,0.008453,0.000029,0.000909,0.000021,12.119535,0.300767,11.174528,2.366172,0.009660,0.035917,1.886998,1.470421,0.002645,8.807031,8.776400,0.189340,0.950758,0.005266,0.000231,0.000047,0.003285,0.000023,0.000009,0.197781,0.247646,0.001909,0.002950,0.161305,0.000312,0.000086,0.001659,0.000051,0.000031,0.985239,6.551720,6.551670,4.358225,1.582674,0.842789,2.750882,0.067251,2.190969,2.170544,0.004655,0.127314,0.000346,0.004424,0.333589,0.008742
cuda,hf_GPT2,1,7.680602,7.569574,0.917452,0.188354,0.131489,0.054192,0.187546,0.020113,6.585772,0.212151,0.208897,0.011689,0.000050,0.000937,0.000024,6.336570,0.183484,5.708349,2.374210,0.004930,0.023759,1.792621,1.528330,0.001852,3.333014,3.305887,0.132508,0.557396,0.003130,0.000170,0.000051,0.001661,0.000021,0.000009,0.072012,0.143013,0.001542,0.002885,0.105776,0.000374,0.000095,0.001549,0.000049,0.000033,0.648558,1.896540,1.896484,1.572062,0.429487,0.159819,1.122120,0.050532,0.322735,0.306360,0.105168,0.000188,0.004366,0.183722,0.005315,0
cuda,hf_Bert,1,7.898176,7.769930,0.876514,0.185475,0.102990,0.062020,0.229302,0.014106,6.827133,0.212113,0.207643,0.007257,0.000045,0.000682,0.000024,6.574086,0.263177,5.666900,2.507124,0.007581,0.030921,1.997313,1.548527,0.001838,3.158337,3.126979,0.152051,0.641367,0.004602,0.000174,0.000039,0.001347,0.000017,0.000009,0.076672,0.176691,0.001504,0.002943,0.135330,0.000252,0.000081,0.001476,0.000046,0.000041,0.710759,1.542644,1.542596,1.325842,0.348545,0.084505,0.954399,0.054650,0.214678,0.198346,0.122359,0.000613,0.004257,0.061772,0.006297,0
cuda,hf_Albert,1,9.098450,9.041656,0.807874,0.232016,0.098044,0.013926,0.068715,0.011767,8.191604,0.204376,0.201384,0.007847,0.000035,0.000625,0.000021,7.970347,0.281588,7.038969,0.887036,0.007440,0.033973,0.317687,0.001917,6.150783,6.124152,0.149906,0.617677,0.004887,0.000185,0.000038,0.001750,0.000019,0.000009,0.089708,0.142350,0.001633,0.001840,0.122084,0.000096,0.000092,0.001478,0.000045,0.000034,2.164743,1.455795,3.119328,3.119279,2.352389,0.571903,0.302408,1.767496,0.050756,0.763717,0.750708,0.050825,0.001402,0.004619,0.239038,0.006728,0
cuda,hf_DistilBert,1,5.935307,5.861308,0.522005,0.114408,0.057578,0.033877,0.124528,0.009656,5.290260,0.191533,0.189467,0.007980,0.000043,0.000584,0.000027,5.063158,0.145160,4.564029,2.059503,0.003906,0.020747,1.853818,1.537205,0.001069,2.503673,2.102478,0.086370,0.324747,0.002492,0.000095,0.000032,0.000770,0.000016,0.000008,0.039636,0.079448,0.000918,0.001457,0.070866,0.000251,0.000110,0.000993,0.000058,0.000034,0.407360,1.238462,1.238414,0.757220,0.214934,0.053665,0.527883,0.032735,0.480115,0.468303,0.069994,0.000869,0.004345,0.086796,0.004472,0
cuda,hf_GPT2,1,7.161883,7.048744,0.938025,0.193240,0.130498,0.054164,0.194089,0.017974,6.045296,0.200568,0.198607,0.008926,0.000032,0.000912,0.000022,5.810592,0.193881,5.165090,2.392171,0.004968,0.022848,1.790944,1.529685,0.001795,2.771831,2.742830,0.134288,0.591770,0.003494,0.000199,0.000048,0.001446,0.000018,0.000008,0.082371,0.134579,0.001594,0.003043,0.130053,0.000285,0.000114,0.001328,0.000070,0.000035,0.700095,1.249633,1.249584,1.135937,0.441543,0.155951,0.674215,0.052277,0.112392,0.097533,0.104815,0.001570,0.004115,0.164695,0.004772,0
cuda,hf_Bert,1,7.356161,7.220481,0.887887,0.183111,0.093879,0.063552,0.233398,0.016040,6.264441,0.216520,0.213755,0.006622,0.000027,0.000697,0.000022,6.009117,0.260553,5.093898,2.368812,0.007828,0.032526,1.869256,1.458617,0.001853,2.723591,2.694173,0.140847,0.587437,0.004013,0.000177,0.000037,0.001219,0.000016,0.000009,0.069650,0.140534,0.001500,0.002666,0.131849,0.000454,0.000152,0.002091,0.000061,0.000036,0.774542,1.119137,1.119077,1.013219,0.365224,0.089797,0.621116,0.059637,0.104782,0.089342,0.128640,0.001085,0.004336,0.058235,0.004687,0
cuda,hf_Albert,1,8.335294,8.283211,0.834444,0.239010,0.099327,0.012422,0.067561,0.011627,7.407939,0.198022,0.196299,0.007215,0.000029,0.000620,0.000022,7.193731,0.253390,6.350566,0.840413,0.007797,0.034046,0.306503,0.001858,5.509005,5.475625,0.152975,0.600058,0.004383,0.000171,0.000032,0.001702,0.000020,0.000008,0.085643,0.144207,0.001329,0.001684,0.130116,0.000082,0.000082,0.001255,0.000038,0.000032,2.151692,1.458214,2.502932,2.502887,1.898038,0.573310,0.314412,1.314706,0.047450,0.603715,0.591961,0.047236,0.000139,0.004210,0.180875,0.005244,0
cuda,hf_DistilBert,1,5.923712,5.848007,0.563865,0.124339,0.067565,0.034346,0.133510,0.008899,5.235215,0.193310,0.191478,0.005867,0.000029,0.000413,0.000021,5.016559,0.140122,4.526943,2.168733,0.004016,0.021524,1.948535,1.477783,0.001048,2.357350,2.045844,0.095375,0.324940,0.002291,0.000099,0.000041,0.000752,0.000016,0.000008,0.039379,0.074557,0.000766,0.001533,0.067442,0.000269,0.000108,0.001048,0.000052,0.000041,0.393931,1.189782,1.189727,0.561926,0.191023,0.041872,0.354853,0.032734,0.626729,0.612557,0.000209,0.071330,0.000993,0.004481,0.088341,0.003304
cuda,BERT_pytorch,16,10.754665,10.626446,0.843599,0.224879,0.096159,0.065293,0.253165,0.022079,9.670523,0.209117,0.205513,0.010139,0.000047,0.001249,0.000030,9.416441,0.321450,8.415787,2.489798,0.010094,0.030033,1.961140,1.545319,0.002746,5.924364,5.892200,0.192908,0.947420,0.005104,0.000212,0.000043,0.003491,0.000023,0.000010,0.202622,0.236456,0.002250,0.004374,0.164679,0.000356,0.000099,0.001780,0.000043,0.000033,0.995563,3.666871,3.666820,2.853234,1.647344,0.840535,1.178079,0.069710,0.810985,0.790185,0.002104,0.121875,0.000404,0.004480,0.256572,0.005600
cuda,hf_GPT2,1,7.634271,7.517594,0.915775,0.185360,0.134555,0.050553,0.183550,0.017472,6.539248,0.209596,0.206927,0.010366,0.000035,0.000950,0.000022,6.294746,0.185481,5.670740,2.364833,0.005244,0.022961,1.799635,1.532130,0.001849,3.304768,3.277590,0.128612,0.550044,0.003180,0.000164,0.000042,0.001304,0.000018,0.000009,0.075104,0.140798,0.001527,0.002502,0.109486,0.000233,0.000094,0.001232,0.000053,0.000035,0.649217,1.882411,1.882363,1.562667,0.436209,0.160562,1.106103,0.050412,0.316856,0.302961,0.110158,0.000170,0.004112,0.194270,0.005616,0
cuda,hf_Bert,1,7.893614,7.755827,0.901601,0.185165,0.104213,0.065991,0.243217,0.017554,6.778216,0.194491,0.192018,0.008363,0.000045,0.000677,0.000023,6.542623,0.256863,5.638579,2.569853,0.007885,0.033050,1.993067,1.550236,0.001782,3.067395,3.034201,0.146850,0.557428,0.004613,0.000188,0.000037,0.001436,0.000017,0.000009,0.064979,0.134491,0.001717,0.002653,0.123236,0.000403,0.000098,0.001875,0.000063,0.000034,0.683224,1.572207,1.572157,1.386627,0.350591,0.088474,1.012969,0.057482,0.184333,0.168479,0.130139,0.000532,0.004807,0.068916,0.006719,0
cuda,hf_Albert,1,9.054366,9.000443,0.776355,0.221657,0.093538,0.011393,0.063722,0.011213,8.182721,0.192662,0.190083,0.007243,0.000028,0.000656,0.000023,7.974423,0.265956,7.120707,0.816380,0.007533,0.032807,0.305903,0.001763,6.303232,6.266392,0.150688,0.616637,0.004759,0.000218,0.000050,0.001743,0.000022,0.000009,0.087366,0.144979,0.001590,0.001836,0.133473,0.000104,0.000118,0.001450,0.000055,0.000032,2.316561,1.556894,3.111339,3.111295,2.272195,0.584638,0.299317,1.674219,0.049079,0.822776,0.809822,0.049177,0.001252,0.004126,0.219746,0.006265,0
cuda,hf_DistilBert,1,6.058914,5.977083,0.533952,0.117071,0.065592,0.035460,0.127194,0.009680,5.396093,0.219878,0.216486,0.006502,0.000035,0.000443,0.000021,5.150358,0.143431,4.646235,1.941105,0.003969,0.021768,1.723626,1.459836,0.000996,2.704277,2.393019,0.085959,0.321373,0.002146,0.000106,0.000043,0.000774,0.000018,0.000009,0.040481,0.080551,0.000717,0.001386,0.070063,0.000243,0.000089,0.000778,0.000050,0.000038,0.388835,1.553854,1.553799,0.747312,0.188012,0.044327,0.544978,0.032671,0.803422,0.314671,0.476487,0.078235,0.000461,0.004290,0.088385,0.004705
cuda,BERT_pytorch,16,13.629479,13.490292,0.790521,0.209729,0.091008,0.059664,0.235946,0.022237,12.594361,0.216132,0.212664,0.007684,0.000029,0.000941,0.000023,12.339021,0.297249,11.396232,2.327640,0.009693,0.029079,1.870883,1.465316,0.002747,9.067106,9.036844,0.197107,0.929814,0.005375,0.000214,0.000050,0.003465,0.000031,0.000009,0.196109,0.232415,0.001831,0.003475,0.164382,0.000346,0.000083,0.001828,0.000061,0.000034,1.055701,6.763725,6.763680,4.530146,1.635122,0.856668,2.864881,0.078206,2.232103,2.212393,0.004886,0.130881,0.000379,0.004393,0.308324,0.008820
cuda,BERT_pytorch,16,13.864640,13.727554,0.840519,0.226044,0.093895,0.066445,0.252115,0.022773,12.777306,0.206001,0.202261,0.010448,0.000051,0.001286,0.000034,12.523318,0.338784,11.503994,2.517444,0.009599,0.029425,1.974676,1.568440,0.002663,8.985187,8.947149,0.186107,0.948175,0.005344,0.000251,0.000048,0.003502,0.000024,0.000009,0.200186,0.237767,0.002013,0.003081,0.173174,0.000349,0.000118,0.001939,0.000064,0.000037,1.031210,6.689679,6.689628,4.520397,1.721949,0.908429,2.773511,0.068993,2.167884,2.149204,0.004726,0.130180,0.000316,0.004095,0.328998,0.009713
cuda,hf_GPT2,1,7.705315,7.597026,0.893796,0.181863,0.125440,0.047356,0.176184,0.018644,6.638888,0.218217,0.215651,0.009197,0.000039,0.000940,0.000022,6.387169,0.190086,5.748490,2.344945,0.005039,0.022948,1.752760,1.471178,0.001864,3.402184,3.377071,0.137536,0.572512,0.003254,0.000169,0.000040,0.001388,0.000016,0.000008,0.083292,0.139154,0.001417,0.002198,0.114286,0.000269,0.000107,0.001335,0.000041,0.000033,0.675479,1.924942,1.924888,1.621553,0.440523,0.159417,1.161683,0.053318,0.302080,0.287277,0.102658,0.000180,0.106143,0.194192,0.013985,0
cuda,hf_Bert,1,7.891331,7.762683,0.874823,0.186247,0.093926,0.064594,0.231677,0.014681,6.816979,0.188637,0.186887,0.008235,0.000054,0.000873,0.000031,6.584395,0.273218,5.635166,2.546027,0.007675,0.033136,2.011885,1.581854,0.001795,3.087726,3.059054,0.162806,0.611378,0.005311,0.000272,0.000061,0.001891,0.000023,0.000012,0.092898,0.139982,0.001472,0.002553,0.131874,0.000340,0.000100,0.001565,0.000047,0.000031,0.681969,1.527144,1.527097,1.340670,0.354338,0.089579,0.964166,0.055362,0.185251,0.170773,0.122688,0.000431,0.004082,0.062250,0.006995,0
cuda,hf_Albert,1,8.948115,8.896685,0.742952,0.213334,0.085407,0.011351,0.059635,0.012190,8.110731,0.188980,0.186393,0.007989,0.000034,0.000647,0.000024,7.904651,0.267868,6.962158,1.055019,0.009599,0.042129,0.343168,0.001798,5.905715,5.878498,0.150408,0.589236,0.005008,0.000200,0.000053,0.001928,0.000021,0.000010,0.077664,0.149988,0.001705,0.001788,0.116916,0.000089,0.000080,0.001484,0.000038,0.000030,2.130827,1.482833,2.931525,2.931479,2.216343,0.548565,0.294544,1.656881,0.052784,0.714024,0.701400,0.045521,0.001419,0.004355,0.229316,0.007550,0
cuda,hf_DistilBert,1,5.786529,5.705541,0.515723,0.113904,0.058829,0.031370,0.120084,0.007933,5.145058,0.201099,0.196938,0.005271,0.000028,0.000350,0.000020,4.920371,0.133472,4.425978,2.029211,0.004264,0.024635,1.815139,1.540404,0.001030,2.395528,2.000562,0.088245,0.336116,0.002405,0.000096,0.000038,0.000802,0.000016,0.000009,0.039458,0.079261,0.001010,0.002047,0.075191,0.000232,0.000095,0.000849,0.000047,0.000032,0.383721,1.143144,1.143086,0.764538,0.193441,0.042933,0.555480,0.032229,0.375222,0.362299,0.075899,0.001162,0.004421,0.088585,0.005825,0
cuda,hf_GPT2,1,7.080577,6.974853,0.924250,0.189225,0.133345,0.050331,0.185463,0.018305,5.985950,0.192418,0.189160,0.009305,0.000043,0.000963,0.000023,5.759083,0.189587,5.124969,2.381310,0.004958,0.023741,1.816002,1.538615,0.001857,2.742631,2.717296,0.131512,0.557389,0.003344,0.000150,0.000036,0.001380,0.000017,0.000010,0.081643,0.133761,0.001424,0.002134,0.122005,0.000282,0.000094,0.001408,0.000053,0.000032,0.676335,1.287831,1.287778,1.175403,0.455567,0.166367,0.698178,0.055037,0.110965,0.094157,0.098774,0.001363,0.004161,0.175565,0.005470,0
cuda,hf_Bert,1,7.398180,7.246839,0.872299,0.180992,0.095951,0.062151,0.230531,0.013957,6.308465,0.204640,0.201801,0.008655,0.000036,0.000789,0.000023,6.063210,0.253849,5.137389,2.414841,0.007852,0.032071,1.914955,1.466592,0.002118,2.721162,2.695027,0.144434,0.591761,0.004301,0.000165,0.000041,0.001269,0.000017,0.000008,0.077690,0.140083,0.001588,0.003003,0.135043,0.000331,0.000083,0.001622,0.000052,0.000037,0.734578,1.149265,1.149196,1.049739,0.354490,0.082995,0.665347,0.061624,0.098171,0.083366,0.139372,0.001198,0.004732,0.059661,0.005234,0
cuda,hf_Albert,1,8.316995,8.262432,0.766158,0.217181,0.089814,0.012387,0.067081,0.015342,7.450569,0.212781,0.208048,0.008012,0.000032,0.000714,0.000031,7.220659,0.273635,6.343585,0.858643,0.008127,0.034203,0.300465,0.001811,5.483830,5.457073,0.147011,0.602117,0.004252,0.000182,0.000041,0.001677,0.000018,0.000009,0.083190,0.146312,0.001454,0.001769,0.125689,0.000091,0.000097,0.001262,0.000047,0.000030,2.149374,1.458716,2.495569,2.495516,1.887872,0.571984,0.298449,1.300954,0.049793,0.606581,0.594689,0.050691,0.000104,0.004222,0.177858,0.004625,0
cuda,hf_DistilBert,1,5.649711,5.575508,0.511785,0.114512,0.057998,0.030942,0.119126,0.008228,5.015866,0.193146,0.191438,0.005357,0.000027,0.000357,0.000019,4.799162,0.136008,4.318239,1.955582,0.003857,0.021603,1.752673,1.464677,0.001149,2.361750,2.058861,0.093230,0.333149,0.002635,0.000112,0.000048,0.000847,0.000016,0.000008,0.043880,0.082250,0.000932,0.001611,0.065576,0.000152,0.000093,0.000730,0.000037,0.000028,0.372986,1.218634,1.218593,0.585153,0.188638,0.043522,0.380281,0.034110,0.631430,0.618423,0.000510,0.069993,0.001047,0.037965,0.092467,0.016999
cuda,BERT_pytorch,16,10.524271,10.397955,0.848149,0.227370,0.097319,0.066124,0.254662,0.021512,9.436481,0.204403,0.199506,0.011239,0.000051,0.001082,0.000026,9.186937,0.311429,8.199739,2.422866,0.009297,0.029906,1.862192,1.461841,0.002724,5.775551,5.746933,0.176826,0.861903,0.004937,0.000294,0.000033,0.002932,0.000018,0.000008,0.172037,0.223352,0.001854,0.002771,0.149535,0.000403,0.000122,0.002161,0.000078,0.000039,0.970834,3.648851,3.648786,2.867033,1.676037,0.824336,1.168082,0.067776,0.779501,0.760842,0.002265,0.119479,0.000583,0.004004,0.256732,0.005209
cuda,BERT_pytorch,16,13.949040,13.815004,0.785105,0.205601,0.095547,0.058075,0.234941,0.019313,12.927531,0.405256,0.402735,0.010209,0.000034,0.000991,0.000021,12.479306,0.298832,11.533841,2.592086,0.009554,0.029988,2.120268,1.714606,0.002713,8.940417,8.905964,0.187265,0.958747,0.004800,0.000205,0.000033,0.003447,0.000019,0.000009,0.196976,0.235652,0.001971,0.006078,0.176687,0.000325,0.000087,0.001909,0.000052,0.000031,1.027019,6.638790,6.638742,4.451445,1.599358,0.819938,2.825882,0.075203,2.184122,2.160987,0.007277,0.127759,0.001028,0.003982,0.295637,0.008204
cuda,BERT_pytorch,16,13.425567,13.300067,0.796420,0.210578,0.091907,0.060525,0.238253,0.019395,12.401709,0.193541,0.191775,0.007668,0.000027,0.000967,0.000022,12.168936,0.298051,11.200942,2.472092,0.009123,0.028089,1.995900,1.584360,0.002615,8.727665,8.698519,0.184761,0.923911,0.005097,0.000191,0.000035,0.003070,0.000017,0.000009,0.200407,0.233566,0.002040,0.003322,0.161197,0.000306,0.000109,0.001918,0.000052,0.000034,1.040499,6.456399,6.456349,4.312632,1.622811,0.842228,2.661660,0.068249,2.137270,2.119064,0.005295,0.119824,0.000152,0.004403,0.293937,0.007620
cuda,BERT_pytorch,16,13.401684,13.271967,0.817717,0.217595,0.100298,0.061061,0.244318,0.025345,12.344487,0.205889,0.203988,0.007888,0.000033,0.000931,0.000020,12.099140,0.297273,11.160027,2.331223,0.009244,0.027068,1.846345,1.451008,0.002815,8.827513,8.795382,0.206037,0.915956,0.004708,0.000235,0.000036,0.002944,0.000017,0.000009,0.188316,0.233750,0.002070,0.003442,0.167726,0.000406,0.000093,0.001903,0.000042,0.000033,1.023599,6.549458,6.549408,4.355447,1.611184,0.823630,2.719723,0.068391,2.189934,2.169784,0.004526,0.122225,0.000337,0.004126,0.296149,0.007731
cuda,BERT_pytorch,16,13.895965,13.763966,0.845414,0.223653,0.096310,0.065231,0.252759,0.022371,12.804403,0.218767,0.214793,0.008201,0.000036,0.000937,0.000020,12.544827,0.305105,11.581291,2.493383,0.009499,0.029657,1.948113,1.528645,0.002878,9.086439,9.055440,0.191443,0.978596,0.004774,0.000227,0.000044,0.003167,0.000024,0.000009,0.205574,0.243650,0.001763,0.003312,0.177445,0.000412,0.000121,0.002115,0.000074,0.000053,1.021238,6.771735,6.771684,4.541996,1.672596,0.839279,2.836284,0.094241,2.225784,2.204586,0.006936,0.124166,0.001219,0.004554,0.304456,0.008514
cuda,hf_GPT2,1,7.684121,7.578975,0.936098,0.193329,0.128645,0.056516,0.194903,0.021991,6.576220,0.197790,0.194340,0.009761,0.000058,0.000922,0.000026,6.343892,0.187804,5.709438,2.362544,0.004906,0.022288,1.782807,1.521800,0.001886,3.345946,3.320349,0.130790,0.565552,0.002998,0.000154,0.000049,0.001352,0.000017,0.000009,0.083267,0.138920,0.001285,0.002222,0.119145,0.000329,0.000120,0.001255,0.000053,0.000034,0.647780,1.905313,1.905266,1.563785,0.431514,0.165908,1.111699,0.051173,0.340323,0.326134,0.096790,0.001177,0.140376,0.192342,0.011070,0
cuda,hf_Bert,1,8.026640,7.894362,0.859403,0.179085,0.096082,0.058577,0.221449,0.015308,6.963871,0.234605,0.230489,0.011546,0.000041,0.000798,0.000024,6.679691,0.298256,5.664135,2.570370,0.008001,0.034365,1.938374,1.524863,0.001817,3.092038,3.064752,0.146761,0.592268,0.004312,0.000164,0.000032,0.001224,0.000015,0.000008,0.074993,0.139800,0.001605,0.002586,0.133205,0.000387,0.000107,0.001620,0.000054,0.000034,0.707447,1.540144,1.540091,1.336452,0.358696,0.081052,0.955342,0.056812,0.202124,0.185222,0.125067,0.000636,0.004281,0.542646,0.006132,0
cuda,hf_Albert,1,8.983854,8.931012,0.785071,0.224572,0.091479,0.012639,0.064565,0.012132,8.103096,0.195408,0.193552,0.008560,0.000044,0.000708,0.000023,7.889735,0.284182,6.976771,0.909200,0.008001,0.039349,0.305450,0.001879,6.066355,6.039660,0.149135,0.601143,0.004692,0.000170,0.000033,0.001569,0.000016,0.000008,0.081298,0.148587,0.001686,0.002072,0.129207,0.000075,0.000084,0.001419,0.000036,0.000030,2.170838,1.454323,3.047594,3.047525,2.267899,0.575009,0.301167,1.679909,0.047313,0.778591,0.767122,0.047785,0.001231,0.107264,0.259893,0.006100,0
cuda,hf_DistilBert,1,5.856733,5.778522,0.553082,0.120980,0.066731,0.034335,0.133411,0.008664,5.178842,0.201325,0.196642,0.005950,0.000036,0.000397,0.000022,4.952533,0.136456,4.471379,1.935984,0.003843,0.022442,1.736839,1.444734,0.001062,2.534555,2.157978,0.087565,0.318617,0.002295,0.000092,0.000031,0.000727,0.000015,0.000008,0.042041,0.070170,0.000847,0.001499,0.073771,0.000181,0.000101,0.000719,0.000046,0.000033,0.367882,1.340342,1.340290,0.730527,0.197987,0.044096,0.519392,0.031262,0.608849,0.201300,0.396485,0.073792,0.000342,0.004895,0.097071,0.005415
cuda,BERT_pytorch,16,13.329999,13.190543,0.784613,0.206502,0.090889,0.058658,0.234688,0.021273,12.301261,0.243926,0.240734,0.007653,0.000028,0.001028,0.000020,12.017197,0.307593,11.065835,2.302660,0.009163,0.027836,1.835698,1.445964,0.002701,8.761816,8.729993,0.190862,0.912320,0.004520,0.000190,0.000038,0.003311,0.000020,0.000009,0.199559,0.225873,0.002094,0.002821,0.160393,0.000407,0.000096,0.001961,0.000053,0.000035,0.993991,6.536916,6.536870,4.372013,1.580235,0.815988,2.765203,0.070468,2.163405,2.140163,0.004870,0.131487,0.001245,0.004242,0.304980,0.008957
